Source,Section,Title,Year,Venue,DOI,Citations,URL,SCI_E
SemanticScholar,S1_CareerFair,Navigating the Engineering Career Fair with Speed Dating Style,2015,IEEE potentials,10.1109/MPOT.2015.2397574,1,https://www.semanticscholar.org/paper/075fe769b983250839841f1259fd3931f3a07580,True
CrossRef,S1_CareerFair,Student Interaction,2024,Springer Texts in Education,10.1007/978-3-031-50161-6_28,,https://doi.org/10.1007/978-3-031-50161-6_28,True
OpenAlex,S2_StudentMatching,A Survey on Bias and Fairness in Machine Learning,2021,ACM Computing Surveys,https://doi.org/10.1145/3457607,317,https://openalex.org/W2969896603,True
CrossRef,S2_StudentMatching,Fair Reciprocal Recommendation in Matching Markets,2024,18th ACM Conference on Recommender Systems,10.1145/3640457.3688130,,https://doi.org/10.1145/3640457.3688130,True
SemanticScholar,S3_ML_CareerEdu,Career Prediction Model Using Big Data Analytics,2026,IEEE International Conference on Circuits and Systems for Communications,10.1109/ICCSC67078.2026.11468641,0,https://www.semanticscholar.org/paper/a2d02bce2f1a7e19350ec22ee928958574ac938c,True
SemanticScholar,S3_ML_CareerEdu,Multiclass Prediction Model for Student Grade Prediction Using Machine Learning,2023,IEEE Access,10.1109/ACCESS.2021.3093563,143,https://www.semanticscholar.org/paper/c43ef40f7656bc5bb80cad82c6dc27cbba9d6846,True
OpenAlex,S3_ML_CareerEdu,Artificial Intelligence in Education: A Review,2020,IEEE Access,https://doi.org/10.1109/access.2020.2988510,3392,https://openalex.org/W3017131514,True
OpenAlex,S3_ML_CareerEdu,Analytic Study for Predictor Development on Student Participation in Generic Competence Development Activities Based on Academic Performance,2023,IEEE Transactions on Learning Technologies,https://doi.org/10.1109/tlt.2023.3291310,19,https://openalex.org/W4383112416,True
OpenAlex,S3_ML_CareerEdu,"Digital Twin: Values, Challenges and Enablers From a Modeling Perspective",2020,IEEE Access,https://doi.org/10.1109/access.2020.2970143,1678,https://openalex.org/W3003667836,True
SemanticScholar,S4_BipartiteGraph,Hierarchical Bipartite Graph Convolutional Network for Recommendation,2024,IEEE Computational Intelligence Magazine,10.1109/MCI.2024.3363973,3,https://www.semanticscholar.org/paper/b1d3271836c484290b62c80853c7813357b85dcd,True
SemanticScholar,S4_BipartiteGraph,Temporal Knowledge Graph Incremental Evolution Model for Sequential Recommendation,2025,IEEE International Joint Conference on Neural Network,10.1109/IJCNN64981.2025.11228451,0,https://www.semanticscholar.org/paper/f210516792152176f3154ae38c0d6f2369210823,True
SemanticScholar,S4_BipartiteGraph,Spatio-Temporal Interaction Aware and Trajectory Distribution Aware Graph Convolution Network for Pedestrian Multimodal Trajectory Prediction,2023,IEEE Transactions on Instrumentation and Measurement,10.1109/TIM.2022.3229733,35,https://www.semanticscholar.org/paper/6e11ed01056bf0c171530d62255cb3d5b691ec54,True
SemanticScholar,S4_BipartiteGraph,LightGCN: Simplifying and Powering Graph Convolution Network for Recommendation,2020,Annual International ACM SIGIR Conference on Research and Development in Information Retrieval,10.1145/3397271.3401063,5186,https://www.semanticscholar.org/paper/3024f58826a5bce3378af94f677e8fb90cbb49e0,True
SemanticScholar,S4_BipartiteGraph,BGEM: Bipartite Graph-based Extension Modeling in Graph Neural Network for QoS Prediction,2025,IEEE International Joint Conference on Neural Network,10.1109/IJCNN64981.2025.11228938,0,https://www.semanticscholar.org/paper/c98f0fe21e0c82d19129dde77662419289aae0c9,True
SemanticScholar,S4_BipartiteGraph,SelfGNN: Self-Supervised Graph Neural Networks for Sequential Recommendation,2024,Annual International ACM SIGIR Conference on Research and Development in Information Retrieval,10.1145/3626772.3657716,64,https://www.semanticscholar.org/paper/795a8770ca9118807588ba657290e4d4fc92b071,True
SemanticScholar,S4_BipartiteGraph,GSAN: Graph Self-Attention Network for Learning Spatial–Temporal Interaction Representation in Autonomous Driving,2021,IEEE Internet of Things Journal,10.1109/jiot.2021.3093523,42,https://www.semanticscholar.org/paper/ebdb9c9191ed6f0ba8d0f7de439d5568f74de9c4,True
SemanticScholar,S4_BipartiteGraph,TKMBR: Temporal Knowledge Graph-based Multi-Behavior Recommendation,2024,IEEE International Joint Conference on Neural Network,10.1109/IJCNN60899.2024.10650423,5,https://www.semanticscholar.org/paper/5b05dbd8a9d2fef17338b545046b9b440f35e5b5,True
SemanticScholar,S4_BipartiteGraph,DualGNN: Dual Graph Neural Network for Multimedia Recommendation,2023,IEEE transactions on multimedia,10.1109/TMM.2021.3138298,248,https://www.semanticscholar.org/paper/b56916d0ab48b8a0cd58218641463f10c58ff65a,True
SemanticScholar,S4_BipartiteGraph,Revisiting Graph Projections for Effective Complementary Product Recommendation,2025,IEEE International Joint Conference on Neural Network,10.1109/IJCNN64981.2025.11228278,0,https://www.semanticscholar.org/paper/9a68223fbe0d89f3e9c739800f86e7b40d9c8456,True
SemanticScholar,S4_BipartiteGraph,BDARec: Balancing Diversity and Accuracy of Recommendation Model with Graph Neural Networks,2025,IEEE International Joint Conference on Neural Network,10.1109/IJCNN64981.2025.11227433,0,https://www.semanticscholar.org/paper/6d25b0fd40a611b7b711e94f231c89d2b38ecc99,True
SemanticScholar,S4_BipartiteGraph,DiTAGInt: A Diffusion-Based Transformer Network with Augmented-Graph Embedding Integration for Cross-Domain Sequential Recommendation,2025,IEEE International Joint Conference on Neural Network,10.1109/IJCNN64981.2025.11228168,1,https://www.semanticscholar.org/paper/578483933e95b181abd4f4861c634ccbe7f52996,True
SemanticScholar,S4_BipartiteGraph,TagRec: Temporal-Aware Graph Contrastive Learning With Theoretical Augmentation for Sequential Recommendation,2025,IEEE Transactions on Knowledge and Data Engineering,10.1109/TKDE.2025.3538706,32,https://www.semanticscholar.org/paper/595f3f116a0448d82d107290830d06e65b6a96f6,True
OpenAlex,S4_BipartiteGraph,Position-Enhanced and Time-aware Graph Convolutional Network for Sequential Recommendations,2022,ACM Transactions on Information Systems,https://doi.org/10.1145/3511700,66,https://openalex.org/W3178564468,True
OpenAlex,S4_BipartiteGraph,Research on Neural Graph Collaborative Filtering Recommendation Model Fused With Item Temporal Sequence Relationships,2022,IEEE Access,https://doi.org/10.1109/access.2022.3215161,8,https://openalex.org/W4312332958,True
OpenAlex,S4_BipartiteGraph,"A Metaverse: Taxonomy, Components, Applications, and Open Challenges",2022,IEEE Access,https://doi.org/10.1109/access.2021.3140175,1744,https://openalex.org/W4206484811,True
OpenAlex,S4_BipartiteGraph,"A Survey of Graph Neural Networks for Recommender Systems: Challenges, Methods, and Directions",2023,ACM Transactions on Recommender Systems,https://doi.org/10.1145/3568022,653,https://openalex.org/W4315977496,True
OpenAlex,S4_BipartiteGraph,Explaining Deep Neural Networks and Beyond: A Review of Methods and Applications,2021,Proceedings of the IEEE,https://doi.org/10.1109/jproc.2021.3060483,1296,https://openalex.org/W3132191748,True
OpenAlex,S4_BipartiteGraph,Knowledge Tracing: A Survey,2022,ACM Computing Surveys,https://doi.org/10.1145/3569576,366,https://openalex.org/W4307561542,True
OpenAlex,S4_BipartiteGraph,Graph Summarization Methods and Applications,2018,ACM Computing Surveys,https://doi.org/10.1145/3186727,269,https://openalex.org/W2962936633,True
CrossRef,S4_BipartiteGraph,STGIN: Spatial-Temporal Graph Interaction Network for Large-scale POI Recommendation,2023,Proceedings of the 32nd ACM International Conference on Information and Knowledge Management,10.1145/3583780.3615200,,https://doi.org/10.1145/3583780.3615200,True
CrossRef,S4_BipartiteGraph,Spatio-Temporal Graph Spectral Network for Personalized Itinerary Recommendation,2025,IEEE Access,10.1109/access.2025.3604019,,https://doi.org/10.1109/access.2025.3604019,True
SemanticScholar,S4_DynamicGraph,BehaviorNet: A Fine-grained Behavior-aware Network for Dynamic Link Prediction,2023,ACM Transactions on the Web,10.1145/3580514,11,https://www.semanticscholar.org/paper/276fc548bdec3f7fb26f071d192ca93aad422ef1,True
SemanticScholar,S4_DynamicGraph,HT-Graph: Heterogeneous Continuous-Time Dynamic Graph Representation Learning using Neighbor-store with Restart,2025,IEEE International Joint Conference on Neural Network,10.1109/IJCNN64981.2025.11228297,0,https://www.semanticscholar.org/paper/f119c6faf851bb775d4ceb79c9c55107d814fd4b,True
SemanticScholar,S4_DynamicGraph,MAFD-GCN: Multi-view Adaptive Frequency Dynamic Graph Convolutional Networks,2025,IEEE International Joint Conference on Neural Network,10.1109/IJCNN64981.2025.11227301,0,https://www.semanticscholar.org/paper/650c7ea06d37cec09ecb0a71bb5be1f122344e6d,True
SemanticScholar,S4_DynamicGraph,Time-Aware Graph Learning for Link Prediction on Temporal Networks,2025,IEEE Transactions on Neural Networks and Learning Systems,10.1109/TNNLS.2025.3545021,2,https://www.semanticscholar.org/paper/6ed31b91fdc81913c9bc75bc2f17a6250cad6c9f,True
SemanticScholar,S4_DynamicGraph,Subgraph-Aware Graph Kernel Neural Network for Link Prediction in Biological Networks,2024,IEEE journal of biomedical and health informatics,10.1109/JBHI.2024.3390092,16,https://www.semanticscholar.org/paper/37c25819241675efb81f82736121d5f7d0da84b9,True
SemanticScholar,S4_DynamicGraph,Dynamic Spatio-temporal Graph Neural Network for Surrounding-aware Trajectory Prediction of Autonomous Vehicles,2024,IEEE Transactions on Intelligent Vehicles,10.1109/tiv.2024.3406507,34,https://www.semanticscholar.org/paper/5e834f1480f69040d1e07512f16910e1b71cea20,True
SemanticScholar,S4_DynamicGraph,A Resource-Aware Multi-Graph Neural Network for Urban Traffic Flow Prediction in Multi-Access Edge Computing Systems,2024,IEEE transactions on consumer electronics,10.1109/TCE.2024.3439719,105,https://www.semanticscholar.org/paper/6ffd01617fb511d0314a5dfda862a77653054962,True
SemanticScholar,S4_DynamicGraph,Dynamic Graph Neural Network with Motif Reconstruction,2025,IEEE International Joint Conference on Neural Network,10.1109/IJCNN64981.2025.11227567,0,https://www.semanticscholar.org/paper/7ca7f8042c798332fd950714535114babd3599f1,True
SemanticScholar,S4_DynamicGraph,Flow-Aware Scheduling with Graph Neural Network Routing for Resource Efficiency in Time-Sensitive Networking,2024,IEEE International Joint Conference on Neural Network,10.1109/IJCNN60899.2024.10650397,3,https://www.semanticscholar.org/paper/8a25db44df9ef9e0e89186d2d8db212f341b7e4e,True
SemanticScholar,S4_DynamicGraph,Multi-Relational Graph Neural Network for Out-of-Domain Link Prediction,2024,IEEE International Joint Conference on Neural Network,10.1109/IJCNN60899.2024.10650198,1,https://www.semanticscholar.org/paper/1c43e5cad8abd2d26da81468d76516abd956929c,True
SemanticScholar,S4_DynamicGraph,On the Effectiveness of Heterogeneous Ensembles Combining Graph Neural Networks and Heuristics for Dynamic Link Prediction,2024,IEEE Transactions on Network Science and Engineering,10.1109/TNSE.2023.3343927,6,https://www.semanticscholar.org/paper/76840bf676206d843bf626637e151cce081e0a3d,True
OpenAlex,S4_DynamicGraph,"A Survey on Knowledge Graphs: Representation, Acquisition, and Applications",2021,IEEE Transactions on Neural Networks and Learning Systems,https://doi.org/10.1109/tnnls.2021.3070843,2660,https://openalex.org/W3003265726,True
OpenAlex,S4_DynamicGraph,BehaviorNet: A Fine-grained Behavior-aware Network for Dynamic Link Prediction,2023,ACM Transactions on the Web,https://doi.org/10.1145/3580514,11,https://openalex.org/W4317433757,True
OpenAlex,S4_DynamicGraph,"Pre-train, Prompt, and Predict: A Systematic Survey of Prompting Methods in Natural Language Processing",2022,ACM Computing Surveys,https://doi.org/10.1145/3560815,3566,https://openalex.org/W3185341429,True
OpenAlex,S4_DynamicGraph,Feature Selection,2017,ACM Computing Surveys,https://doi.org/10.1145/3136625,2292,https://openalex.org/W4289236186,True
OpenAlex,S4_DynamicGraph,Unmanned Aerial Vehicles (UAVs): A Survey on Civil Applications and Key Research Challenges,2019,IEEE Access,https://doi.org/10.1109/access.2019.2909530,2207,https://openalex.org/W4213147678,True
OpenAlex,S4_DynamicGraph,Knowledge Graphs,2021,ACM Computing Surveys,https://doi.org/10.1145/3447772,1495,https://openalex.org/W3010336026,True
OpenAlex,S4_DynamicGraph,"Digital Twin: Enabling Technologies, Challenges and Open Research",2020,IEEE Access,https://doi.org/10.1109/access.2020.2998358,2419,https://openalex.org/W2982936646,True
CrossRef,S4_DynamicGraph,TH-SLP: Web Service Link Prediction Based on Topic-aware Heterogeneous Graph Neural Network,2023,2023 IEEE International Conference on Web Services (ICWS),10.1109/icws60048.2023.00065,,https://doi.org/10.1109/icws60048.2023.00065,True
CrossRef,S4_DynamicGraph,TGN-RiBC: A Betweenness-Aware Temporal Graph Neural Network for Power Grid Risk Prediction under Dynamic Unit Commitment,2025,IECON 2025 – 51st Annual Conference of the IEEE Industrial Electronics Society,10.1109/iecon58223.2025.11221089,,https://doi.org/10.1109/iecon58223.2025.11221089,True
