Source,Title,Year,Venue,DOI,Citations,URL,SCI_E
OpenAlex,Path Planning for UAV-Mounted Mobile Edge Computing With Deep Reinforcement Learning,2020,,https://doi.org/10.1109/tvt.2020.2982508,246,https://openalex.org/W3013960924,False
OpenAlex,Towards Real-Time Path Planning through Deep Reinforcement Learning for a UAV in Dynamic Environments,2019,,https://doi.org/10.1007/s10846-019-01073-3,256,https://openalex.org/W2971481292,False
OpenAlex,Deep Reinforcement Learning for Interference-Aware Path Planning of Cellular-Connected UAVs,2018,,https://doi.org/10.1109/icc.2018.8422706,138,https://openalex.org/W2887784286,False
OpenAlex,Multi-UAV Path Planning for Wireless Data Harvesting With Deep Reinforcement Learning,2021,,https://doi.org/10.1109/ojcoms.2021.3081996,132,https://openalex.org/W3093571944,False
OpenAlex,Explainable Deep Reinforcement Learning for UAV autonomous path planning,2021,,https://doi.org/10.1016/j.ast.2021.107052,130,https://openalex.org/W3198804470,False
OpenAlex,A Deep Learning Trained by Genetic Algorithm to Improve the Efficiency of Path Planning for Data Collection With Multi-UAV,2021,,https://doi.org/10.1109/access.2021.3049892,111,https://openalex.org/W3119286118,False
OpenAlex,Path Planning for UAV Ground Target Tracking via Deep Reinforcement Learning,2020,,https://doi.org/10.1109/access.2020.2971780,128,https://openalex.org/W3005243570,False
OpenAlex,UAV Coverage Path Planning under Varying Power Constraints using Deep Reinforcement Learning,2020,,https://doi.org/10.1109/iros45743.2020.9340934,87,https://openalex.org/W3126413449,False
OpenAlex,UAV Path Planning using Global and Local Map Information with Deep Reinforcement Learning,2021,,https://doi.org/10.1109/icar53236.2021.9659413,45,https://openalex.org/W3093365091,False
OpenAlex,A UAV Path Planning Method Based on Deep Reinforcement Learning,2020,,https://doi.org/10.23919/usnc/ursi49741.2020.9321625,33,https://openalex.org/W3126890992,False
OpenAlex,iADA*-RL: Anytime Graph-Based Path Planning with Deep Reinforcement Learning for an Autonomous UAV,2021,,https://doi.org/10.3390/app11093948,39,https://openalex.org/W3159605226,False
OpenAlex,Adaptive Path Planning for Fusing Rapidly Exploring Random Trees and Deep Reinforcement Learning in an Agriculture Dynamic Environment UAVs,2023,,https://doi.org/10.3390/agriculture13020354,52,https://openalex.org/W4318777652,False
OpenAlex,Deep Reinforcement Learning for Trajectory Path Planning and Distributed Inference in Resource-Constrained UAV Swarms,2022,,https://doi.org/10.1109/jiot.2022.3231341,35,https://openalex.org/W4312108576,False
OpenAlex,Deep Reinforcement Learning based Path Planning for UAV-assisted Edge Computing Networks,2021,,https://doi.org/10.1109/wcnc49053.2021.9417292,28,https://openalex.org/W3162630617,False
OpenAlex,Multi-UAV Adaptive Path Planning Using Deep Reinforcement Learning,2023,,https://doi.org/10.1109/iros55552.2023.10342516,22,https://openalex.org/W4389666571,False
OpenAlex,Dynamic Scene Path Planning of UAVs Based on Deep Reinforcement Learning,2024,,https://doi.org/10.3390/drones8020060,20,https://openalex.org/W4391693424,False
OpenAlex,Adaptive Informative Path Planning Using Deep Reinforcement Learning for UAV-based Active Sensing,2022,,https://doi.org/10.1109/icra46639.2022.9812025,42,https://openalex.org/W3202615380,False
OpenAlex,Deep Reinforcement Learning with Noise Injection for UAV Path Planning,2019,,https://doi.org/10.1109/icetas48360.2019.9117478,15,https://openalex.org/W3036868238,False
OpenAlex,Deep reinforcement learning-based model-free path planning and collision avoidance for UAVs: A soft actor–critic with hindsight experience replay approach,2022,,https://doi.org/10.1016/j.icte.2022.06.004,30,https://openalex.org/W4282836858,False
OpenAlex,Deep Reinforcement Learning Based Freshness-Aware Path Planning for UAV-Assisted Edge Computing Networks with Device Mobility,2022,,https://doi.org/10.3390/rs14164016,20,https://openalex.org/W4293817247,False
OpenAlex,When digital twin meets deep reinforcement learning in multi-UAV path planning,2022,,https://doi.org/10.1145/3555661.3560865,15,https://openalex.org/W4307186829,False
OpenAlex,UAV Path Planning for Wireless Data Harvesting: A Deep Reinforcement Learning Approach,2020,,https://doi.org/10.1109/globecom42002.2020.9322234,19,https://openalex.org/W3124801690,False
OpenAlex,Collaborative Coverage Path Planning of UAV Cluster based on Deep Reinforcement Learning,2021,,https://doi.org/10.1109/icftic54370.2021.9647298,12,https://openalex.org/W4200442992,False
OpenAlex,Improve exploration in deep reinforcement learning for UAV path planning using state and action entropy,2024,,https://doi.org/10.1088/1361-6501/ad2663,13,https://openalex.org/W4391544046,False
OpenAlex,Multiple UAVs Path Planning Based on Deep Reinforcement Learning in Communication Denial Environment,2023,,https://doi.org/10.3390/math11020405,19,https://openalex.org/W4316038501,False
OpenAlex,Interference Management for Cellular-Connected UAVs: A Deep Reinforcement Learning Approach,2019,,https://doi.org/10.1109/twc.2019.2900035,359,https://openalex.org/W3106530718,False
OpenAlex,Multi-UAV simultaneous target assignment and path planning based on deep reinforcement learning in dynamic multiple obstacles environments,2024,,https://doi.org/10.3389/fnbot.2023.1302898,13,https://openalex.org/W4391108614,False
OpenAlex,RIS-Assisted Jamming Rejection and Path Planning for UAV-Borne IoT Platform: A New Deep Reinforcement Learning Framework,2023,,https://doi.org/10.1109/jiot.2023.3283502,25,https://openalex.org/W4379618794,False
OpenAlex,FED-UP: Federated Deep Reinforcement Learning-based UAV Path Planning against Hostile Defense System,2022,,https://doi.org/10.23919/cnsm55787.2022.9964907,12,https://openalex.org/W4310614631,False
OpenAlex,Path Planning Research of a UAV Base Station Searching for Disaster Victims’ Location Information Based on Deep Reinforcement Learning,2022,,https://doi.org/10.3390/e24121767,11,https://openalex.org/W4311517174,False
CrossRef,Multi-UAV Adaptive Path Planning Using Deep Reinforcement Learning,2025,,10.2139/ssrn.5591543,,https://doi.org/10.2139/ssrn.5591543,False
CrossRef,Joint Optimization of Workflow Offloading and Uav Path Planning Based on Distributed Deep Reinforcement Learning in Uav-Assisted Mobile Edge Computing,2024,,10.2139/ssrn.4890897,,https://doi.org/10.2139/ssrn.4890897,False
CrossRef,Joint Path Planning and Power Allocation of a Cellular-Connected Uav Using Apprenticeship Learning via Deep Inverse Reinforcement Learning,2023,,10.2139/ssrn.4511065,,https://doi.org/10.2139/ssrn.4511065,False
CrossRef,Multi-UAV Adaptive Path Planning Using Deep Reinforcement Learning,2023,2023 IEEE/RSJ International Conference on Intelligent Robots and Systems (IROS),10.1109/iros55552.2023.10342516,,https://doi.org/10.1109/iros55552.2023.10342516,True
CrossRef,Autonomous Control and Path Planning of UAV with Deep Reinforcement Learning,2025,2025 MIPRO 48th ICT and Electronics Convention,10.1109/mipro65660.2025.11131926,,https://doi.org/10.1109/mipro65660.2025.11131926,False
CrossRef,UAV online path planning technology based on deep reinforcement learning,2021,2020 Chinese Automation Congress (CAC),10.1109/cac51589.2020.9327752,,https://doi.org/10.1109/cac51589.2020.9327752,False
CrossRef,Research on UAV Path Planning Based on Deep Learning in Wireless Communication Scenarios,2020,"2020 4th International Conference on Computer Engineering, Information Science &amp; Application Technology (ICCIA 2020)",10.23977/iccia2020038,,https://doi.org/10.23977/iccia2020038,False
CrossRef,Deep Reinforcement Learning based Path Planning for UAV-assisted Edge Computing Networks,2021,2021 IEEE Wireless Communications and Networking Conference (WCNC),10.1109/wcnc49053.2021.9417292,,https://doi.org/10.1109/wcnc49053.2021.9417292,True
CrossRef,Deep Reinforcement Learning with Noise Injection for UAV Path Planning,2020,2019 IEEE 6th International Conference on Engineering Technologies and Applied Sciences (ICETAS),10.1109/icetas48360.2019.9117478,,https://doi.org/10.1109/icetas48360.2019.9117478,True
CrossRef,Multi-Agent Deep Reinforcement Learning for Cooperative Path Planning of UAV Swarms,2025,,10.21203/rs.3.rs-6508231/v1,,https://doi.org/10.21203/rs.3.rs-6508231/v1,False
CrossRef,research on UAV-assisted path planning system based on deep learning,2023,Third International Conference on Machine Learning and Computer Application (ICMLCA 2022),10.1117/12.2675172,,https://doi.org/10.1117/12.2675172,False
CrossRef,Explainable Deep Reinforcement Learning for UAV autonomous path planning,2021,Aerospace Science and Technology,10.1016/j.ast.2021.107052,,https://doi.org/10.1016/j.ast.2021.107052,False
CrossRef,PG-ITD3: A Potential Field-Guided Deep Reinforcement Learning Approach for UAV Path Planning after Disaster_supp1-3601665.mp4,2025,,10.1109/tase.2025.3601665/mm2,,https://doi.org/10.1109/tase.2025.3601665/mm2,False
CrossRef,PG-ITD3: A Potential Field-Guided Deep Reinforcement Learning Approach for UAV Path Planning after Disaster_supp2-3601665.mp4,2025,,10.1109/tase.2025.3601665/mm1,,https://doi.org/10.1109/tase.2025.3601665/mm1,False
CrossRef,Research on Multi UAV Path Planning Based on Deep Reinforcement Learning,2025,2025 WRC Symposium on Advanced Robotics and Automation (WRC SARA),10.1109/wrcsara68202.2025.11194966,,https://doi.org/10.1109/wrcsara68202.2025.11194966,False
CrossRef,PG-ITD3: A Potential Field-Guided Deep Reinforcement Learning Approach for UAV Path Planning after Disaster_supp3-3601665.mp4,2025,,10.1109/tase.2025.3601665/mm3,,https://doi.org/10.1109/tase.2025.3601665/mm3,False
CrossRef,Research on Robustness Enhancement Method of Deep Reinforcement Learning Uav Path Planning Algorithm,2023,,10.2139/ssrn.4531788,,https://doi.org/10.2139/ssrn.4531788,False
CrossRef,Deep Reinforcement Learning-Based UAV Path Planning Algorithm,2024,2024 3rd International Conference on Artificial Intelligence and Computer Information Technology (AICIT),10.1109/aicit62434.2024.10730518,,https://doi.org/10.1109/aicit62434.2024.10730518,False
CrossRef,AoI-Aware Deep Reinforcement Learning Based UAV Path Planning for Defence Applications,2024,"2024 IEEE Space, Aerospace and Defence Conference (SPACE)",10.1109/space63117.2024.10668088,,https://doi.org/10.1109/space63117.2024.10668088,True
CrossRef,UAV Coverage Path Planning with Quantum-based Deep Deterministic Policy Gradient,2023,,10.36227/techrxiv.21973784.v2,,https://doi.org/10.36227/techrxiv.21973784.v2,False
CrossRef,UAV Coverage Path Planning with Quantum-based Deep Deterministic Policy Gradient,2023,,10.36227/techrxiv.21973784,,https://doi.org/10.36227/techrxiv.21973784,False
CrossRef,UAV Coverage Path Planning with Quantum-based Deep Deterministic Policy Gradient,2023,,10.36227/techrxiv.21973784.v1,,https://doi.org/10.36227/techrxiv.21973784.v1,False
CrossRef,UAV Path Planning using Global and Local Map Information with Deep Reinforcement Learning,2022,2021 20th International Conference on Advanced Robotics (ICAR),10.1109/icar53236.2021.9659413,,https://doi.org/10.1109/icar53236.2021.9659413,False
CrossRef,Path Planning for UAV Ground Target Tracking via Deep Reinforcement Learning,2020,IEEE Access,10.1109/access.2020.2971780,,https://doi.org/10.1109/access.2020.2971780,True
CrossRef,Research on UAV multi-aircraft path planning based on deep learning,2021,Fifth International Conference on Traffic Engineering and Transportation System (ICTETS 2021),10.1117/12.2619925,,https://doi.org/10.1117/12.2619925,False
CrossRef,UAV Path Planning Based on Deep Reinforcement Learning,2024,"International Journal of Advanced Network, Monitoring and Controls",10.2478/ijanmc-2023-0068,,https://doi.org/10.2478/ijanmc-2023-0068,False
CrossRef,UAV Coverage Path Planning Based on Deep Reinforcement Learning,2023,2023 IEEE 6th International Conference on Computer and Communication Engineering Technology (CCET),10.1109/ccet59170.2023.10335145,,https://doi.org/10.1109/ccet59170.2023.10335145,True
CrossRef,Collaborative Coverage Path Planning of UAV Cluster based on Deep Reinforcement Learning,2021,2021 IEEE 3rd International Conference on Frontiers Technology of Information and Computer (ICFTIC),10.1109/icftic54370.2021.9647298,,https://doi.org/10.1109/icftic54370.2021.9647298,True
CrossRef,Benchmarking Off-Policy Deep Reinforcement Learning Algorithms for UAV Path Planning,2024,2024 International Conference on Unmanned Aircraft Systems (ICUAS),10.1109/icuas60882.2024.10556862,,https://doi.org/10.1109/icuas60882.2024.10556862,False
CrossRef,Enhancing UAV Coverage Path Planning via Deep Reinforcement learning with Intrinsic Curiosity,2025,2024 IEEE Smart World Congress (SWC),10.1109/swc62898.2024.00095,,https://doi.org/10.1109/swc62898.2024.00095,True
